"company_name","company_url","company_linkedin_url","company_country","company_country_code","company_city","company_industry","company_employee_count","company_founding_year","technologies_count","technologies","total_jobs_count","jobs_matching_filters_count","jobs_titles","annual_revenue_usd","company_seo_description","company_description","spring-boot_confidence","spring-boot_n_jobs"
"Jobs via Dice","https://dice.com","https://www.linkedin.com/company/jobs-via-dice/","","","","Software Development","16","None","1","Spring Boot","369550","None","","None","Dice: Where tech connects.‚Ñ¢","Welcome to Jobs via Dice, the go-to destination for discovering the tech jobs you want.

This page is dedicated to sharing job opportunities with tech professionals at every stage of their careers. When you see a job posted by Jobs via Dice, it‚Äôs a job for one of our many clients seeking to hire tech professionals like you.

At Dice, we understand that your career in technology is more than just a job; it‚Äôs a journey of growth, innovation and continuous learning. Stay connected with us to explore the latest job opportunities, industry trends and career tips tailored for tech professionals. Your future in tech starts here.

What You‚Äôll Find on Dice.com:

Tailored Tech Opportunities - Connect with the right tech companies and roles that match your skills and ambitions. Whether you're looking to land your first job or elevate your career, Dice is here to help.

Career Resources - Utilize our tools to build your skills, enhance your visibility, and get noticed by top employers.

Easy Apply - Find and apply to your perfect tech role in just a few clicks with our Easy Apply feature. Simplify your job search and get hired faster.

Industry Insights - Stay ahead with our expert career advice and industry insights. From resume tips to interview prep, we provide the resources you need to succeed.

Employer Profiles - Get a firsthand look at a company‚Äôs culture to make informed decisions about where you want to work.

Join the community of tech professionals who trust Dice to help them find and apply to their next job in tech.

To follow our company page on LinkedIn, visit: https://www.linkedin.com/company/dice
","high","10910"
"Jobot","https://Jobot.com","https://www.linkedin.com/company/jobot/","United States","US","Newport Beach","Staffing and Recruiting","1911","2018","1","Spring Boot","212884","None","","100009000.0","Hire or Be Hired. Your Jobot AI  job search starts here.","Jobot is on a mission to connect good people with good jobs. By combining AI-powered technology with the expertise of Jobot Pros, our experienced recruiters, we help you find career opportunities that align with your goals and values.

Founded in 2018 and employee-owned since 2024, Jobot is committed to fostering a culture of kindness, respect, innovation, and connection.  As an industry leader, we‚Äôve been recognized as a top workplace by Forbes, Fortune, USA Today, and Staffing Industry Analysts (SIA).

Ready to find a good job? Create your profile today at Jobot.com. ü§ñ","high","274"
"EY","https://ey.com","https://www.linkedin.com/company/ernstandyoung/","United Kingdom","GB","London","Professional Services","366190","1989","1","Spring Boot","195843","None","","45420000000.0","EY CogniStreamer allows stakeholders across an organization to create, assess and select innovative ideas on a user-friendly platform. Find out how.","EY is building a better working world by creating new value for clients, people, society, the planet, while building trust in the capital markets.

Enabled by data, AI and advanced technology, EY teams help clients shape the future with confidence and develop answers for the most pressing issues of today and tomorrow.

EY teams in more than 150 countries work across a full spectrum of services in assurance, consulting, tax, strategy and transactions, strengthened by sector experience and diverse ecosystem partners.
 
Find out more about the EY global network: http://ey.com/en_gl/legal-statement","high","1484"
"TieTalent","https://tietalent.com","https://www.linkedin.com/company/tietalent/","Switzerland","CH","Renens","Technology, Information and Internet","29","None","1","Spring Boot","147656","None","","None","Career growth platform for tech, marketing & sales talent | Top companies hiring | Discover global job opportunities üöÄ ","TieTalent is the career growth platform designed for tech professionals, connecting talents with top companies worldwide.

By joining our community, talents gain access to a complete overview of the job market and exclusive career resources. We offer two ways to find your next opportunity:

‚úÖ Let Job Opportunities Discover You ‚Äì Create your profile, and our intelligent system matches you with job openings that align with your skills and career goals. Companies apply to you, and you decide which opportunities to explore.

üîç Explore External Job Listings ‚Äì Discover a broad range of job openings from multiple sources. Think of TieTalent as the ""Kayak"" for jobs: we show you opportunities across various platforms, and when you show interest in an external listing, you‚Äôll be redirected to apply directly through the respective site.

For companies, TieTalent provides a smart hiring platform that makes finding top tech talent fast and hassle-free. Our AI-powered system, combined with expert insights, connects businesses with 100K+ vetted professionals in IT, tech, AI, marketing, and sales‚Äîhelping you hire the right talent quickly and efficiently.

Since launching in October 2018, TieTalent has been trusted by hundreds of thousands of tech professionals and thousands of companies‚Äîfrom innovative startups to leading global enterprises.

üëâ Join us and be part of the future of tech recruitment.

üìú Imprint & Terms & Conditions: https://tietalent.com/en/terms-and-conditions","high","1194"
"State Farm","https://statefarm.com","https://www.linkedin.com/company/state_farm/","United States","US","Bloomington","Insurance","107820","None","1","Spring Boot","141915","None","","None","Join our Community of Good Neighbors","At State Farm¬Æ, our mission is to help people manage the risks of everyday life, recover from the unexpected, and realize their dreams. We are passionate and driven to create possibilities, and we‚Äôre serious about helping customers by providing solutions for all of life‚Äôs moments. Like a good neighbor, State Farm is there.¬Æ","high","48"
"Lensa","https://lensa.com","https://www.linkedin.com/company/lensa/","United States","US","West Chester","IT Services and IT Consulting","436","None","1","Spring Boot","137426","None","","None","Make your move. Building careers that matter for job seekers and professionals.","What if we could take the search out of job search? This is the question
Lensa has been answering since launching in San Francisco, California in
August 2016. Using machine learning, we instantly provide companies with
candidates and match professionals with positions that fit their skills,
goals, personalities, and needs.
How does it work? Lensa applies complex algorithms that identify the
skills needed to succeed on a given job. Candidates can play computer
games that assess their work style, thus gaining insight into their strengths
while unlocking career opportunities.
The result: job search that puts people first while reducing the time and
cost of talent acquisition.

Lensa passed 10 million job seeker registrations in 2019, making the com-
pany one of the premier career platforms.

With teams in multiple U.S. locations and a 60-strong crew of developers
and data scientists at its R & D headquarters in Europe, Lensa is working
every day to share its transformative career technology with the world.","high","1036"
"McDonald's","https://corporate.mcdonalds.com","https://www.linkedin.com/company/mcdonald%27s-corporation/","United States","US","Chicago","Restaurants","560000","1955","1","Spring Boot","103111","None","","24193900000.0","Einfach gut: Die aktuellen Angebote und Aktionen von McDonald's findest du hier. Entdecke exklusive McDonald's Deals, Coupons und Aktionen in der McDonald's App. Jetzt sparen. Qualit√§t und Frische. McDonald's¬Æ Snacks. Genuss zum mitnehmen. 1.939 Restaurants.","McDonald‚Äôs is the world‚Äôs leading global foodservice retailer with over 37,000 locations in over 100 countries.  More than 90% of McDonald‚Äôs restaurants worldwide are owned and operated by independent local business men and women.
 
McDonald's & our franchisees employ 1.9 million people worldwide.

We serve the world some of its favorite foods - World Famous Fries, Big Mac, Quarter Pounder, Chicken McNuggets and Egg McMuffin. 

To learn more about the company, please visit www.aboutmcdonalds.com.","high","31"
"Capgemini","https://capgemini.com","https://www.linkedin.com/company/capgemini/","France","FR","Paris","IT Services and IT Consulting","357000","1967","1","Spring Boot","95828","None","","23550000000.0","","Capgemini is a global business and technology transformation partner, helping organizations to accelerate their dual transition to a digital and sustainable world, while creating tangible impact for enterprises and society. It is a responsible and diverse group of 340,000 team members in more than 50 countries. With its strong over 55-year heritage, Capgemini is trusted by its clients to unlock the value of technology to address the entire breadth of their business needs. It delivers end-to-end services and solutions leveraging strengths from strategy and design to engineering, all fueled by its market leading capabilities in AI, generative AI, cloud and data, combined with its deep industry expertise and partner ecosystem. The Group reported 2024 global revenues of ‚Ç¨22.1 billion.

Get The Future You Want | www.capgemini.com","high","4021"
"myGwork - LGBTQ+ Business Community","https://mygwork.com","https://www.linkedin.com/company/mygwork/","United Kingdom","GB","London","Technology, Information and Internet","209","None","1","Spring Boot","89968","None","","None","The business community for LGBTQ+ professionals, graduates, inclusive employers and advocates for workplace equality.","myGwork is the largest global platform for the LGBTQ+ business community. 
Our mission is to make the workplace more inclusive for all by providing individual users and partner organizations access to a wide eco-system of services, including job opportunities, training, mentoring, employer branding, and free community events. Joining the platform is free for individual members, which supports myGwork‚Äôs goal of ensuring that the platform's benefits are as accessible and as far-reaching as possible. Corporate members get a tailored service, with carefully curated product packages to help them achieve all their DE&I goals.

myGwork organizes two annual events, WorkFair ‚Äì the largest virtual global career fair for the LGBTQ+ professionals, graduates and students, and WorkPride ‚Äì a week-long global conference for the LGBTQ+ business community and allies during Pride Month. The company also recently launched the myGwork Academy, delivering practical and relevant LGBTQ+ training education to help create inclusive workplaces for all. 

For more information, check out www.mygwork.com.","high","741"
"PwC","https://pwc.com","https://www.linkedin.com/company/pwc/","United Kingdom","GB","Sydney","Professional Services","328000","1998","1","Spring Boot","88975","None","","50300000000.0","PwC fornisce servizi professionali di revisione, di consulenza e di consulenza legale/fiscale alle imprese con l‚Äôobiettivo di costruire relazioni con i propri clienti basate sull‚Äôintegrit√† e sulla creazione di valore.","At PwC, we help clients drive their companies to the leading edge. We‚Äôre a tech-forward, people-empowered network with more than 370,000 people in 149 countries. Across audit and assurance, tax and legal, deals and consulting we help build, accelerate and sustain momentum. Find out more at www.pwc.com.

PwC: Audit and assurance, consulting and tax services
PwC refers to the PwC network and/or one or more of its member firms, each of which is a separate legal entity. Content on this page has been prepared for general information only and is not intended to be relied upon as accounting, tax or professional advice. Please reach out to your advisors for specific advice.","high","582"
"KPMG US","https://kpmg.com","https://www.linkedin.com/company/kpmg-us/","United States","US","New York","Financial Services","51996","None","1","Spring Boot","87340","None","","None","KPMG LLP, the U.S. audit, tax & advisory firm, operates from 90+ offices and over 36,000 partners and professionals.","KPMG is one of the world‚Äôs leading professional services firms and the fastest growing Big Four accounting firm in the United States. With 90+ offices and more than 36,000 employees and partners throughout the US, we‚Äôre leading the industry in new and exciting ways. Our size and strength make us much more agile and responsive to changing trends.","high","403"
"Citi","https://citigroup.com","https://www.linkedin.com/company/citi/","United States","US","New York","Financial Services","200000","1812","1","Spring Boot","87007","None","","75338000000.0","","Citi's mission is to serve as a trusted partner to our clients by responsibly providing financial services that enable growth and economic progress. Our core activities are safeguarding assets, lending money, making payments and accessing the capital markets on behalf of our clients. We have over 200 years of experience helping our clients meet the world's toughest challenges and embrace its greatest opportunities. We are Citi, the global bank ‚Äì an institution connecting millions of people across hundreds of countries and cities.

For information on Citi‚Äôs commitment to privacy, visit on.citi/privacy.","high","2754"
"Thermo Fisher Scientific","https://thermofisher.com","https://www.linkedin.com/company/srcare/","Switzerland","CH","√âcublens","Research Services","130000","1956","1","Spring Boot","83568","None","","44167000000.0","Thermo Fisher Scientific enables our customers to make the world healthier, cleaner and safer.","The world leader in serving science
To serve science, Thermo Fisher Scientific needs to stay ahead of it, we need to anticipate customer needs. We need to constantly think about advancing science, so customers have the freedom to be bolder and more innovative ‚Äì we are committed to pushing science and technology a step beyond where it is today.
To enable our customers to make the world healthier, cleaner and safer","high","164"
"Adecco","https://adecco.com","https://www.linkedin.com/company/adecco/","Switzerland","CH","Zurich","Staffing and Recruiting","165553","None","1","Spring Boot","83503","None","","None","Adecco helps more job seekers start and advance their careers than anyone else. Work with us to achieve your goals!","Perfect placements. Speedy staffing. Tenacious testing. Who‚Äôs Adecco, we hear you ask? Only the top provider of first-class HR solutions. Our consultants work with some of the best, and most exciting, companies all over the world. We equip our clients with priceless industry insight and put everything we‚Äôve got into training and mentoring our candidates. 

We‚Äôre here to match talented people with the job opportunities and employers they‚Äôre looking for. On any given day we connect over 700,000 people with fulfilling opportunities that make the most of their skills now and enable them to develop new expertise for the future.","high","120"
"JPMorganChase","https://jpmorganchase.com","https://www.linkedin.com/company/jpmorganchase/","United States","US","New York","Financial Services","243917","None","1","Spring Boot","82669","None","","None","Headquartered in New York City, JPMorgan Chase is the largest bank in the United States.","With a history tracing its roots to 1799 in New York City, JPMorganChase is one of the world's oldest, largest, and best-known financial institutions‚Äîcarrying forth the innovative spirit of our heritage firms in global operations across 100 markets.
 
We serve millions of customers and many of the world‚Äôs most prominent corporate, institutional, and government clients daily, managing assets and investments, offering business advice and strategies, and providing innovative banking solutions and services.

Social Media Terms and Conditions: https://bit.ly/JPMCSocialTerms

¬© 2024 JPMorgan Chase & Co. All rights reserved. JPMorganChase is an Equal Opportunity Employer, including Disability/Veterans.
 ","high","2942"
"Walmart","https://walmart.com","https://www.linkedin.com/company/walmart/","United States","US","Bentonville","Retail","2300000","1962","1","Spring Boot","81472","None","","611289000000.0","Shop Walmart.com today for Every Day Low Prices. Join Walmart+ for unlimited free delivery from your store & free shipping with no order minimum. Start your free 30-day trial now!","Sixty years ago, Sam Walton started a single mom-and-pop shop and transformed it into the world‚Äôs biggest retailer. Since those founding days, one thing has remained consistent: our commitment to helping our customers save money so they can live better. Today, we‚Äôre reinventing the shopping experience and our associates are at the heart of it. When you join our Walmart family of brands, you‚Äôll play a crucial role in shaping the future of retail, improving millions of lives around the world. 

We are ecstatic to have been named a Great Place to Work¬Æ Certified May 2023 ‚Äì May 2024, Disability: IN 2023 Best Places to Work, and Fast Company 100 Best Workplaces for Innovators 2023.

This is that place where your passions meet purpose. Join our family and build a career you‚Äôre proud of.","high","786"
"Energy Jobline","https://energyjobline.com","https://www.linkedin.com/company/energy-jobline/","United Kingdom","GB","Alderley Edge","Staffing and Recruiting","127","2011","1","Spring Boot","80756","None","","5947000.0","Energy and Engineering Jobs - Renewable Energy, Oil and Gas, Power, Nuclear, and Petrochemicals vacancies globally with Energy Jobline, the world's largest energy job board","Energy Jobline is the largest and fastest growing global Energy Job Board and Energy Hub. We have an audience reach of over 4 million energy professionals, 400,000+ monthly advertised global energy and engineering jobs, and work with the leading energy companies worldwide.

We focus on the Oil & Gas, Renewables, Engineering, Power, and Nuclear markets as well as emerging technologies in EV, Battery, and Fusion. We are committed to providing the most talented energy professionals for our client recruitment campaigns and ensuring we offer the most exciting career opportunities for our jobseekers. Energy Jobline has quickly risen to become the leading and pioneering Energy platform providing online recruitment solutions to the energy industry globally.

Our core values are innovation, inclusivity, commitment, results and diversity. We strive towards these goals across all aspects of our business and that‚Äôs why we never stop perfecting our route to market. We appreciate that the energy industry greatest resource is people, that‚Äôs why we work with the leading clients and best candidates worldwide.

Our commitment to Women In Energy, BAME and Diversity Groups, as well as unique and passive audiences, aids in setting us apart from our key competitors. No other online recruitment platform has aligned itself with the same breadth and depth of quality partners including female engineering bodies, online energy news hubs, community platforms, industry associations and more. The strength of these partnerships allows us to deliver a database which is exclusive, exceptional and individual to Energy Jobline.

The team at Energy Jobline focus entirely on delivering value for our clients and candidates, quality is central to everything we do. We have a huge level of loyalty and engagement from our candidates- in which over a third of our candidates only use Energy Jobline for their job search. A figure we are very proud of and work hard to maintain.","high","351"
"Macy's","https://macysjobs.com","https://www.linkedin.com/company/macy/","United States","US","New York","Retail","81197","1858","1","Spring Boot","80479","None","","None","","Macy's is America‚Äôs store for life. The largest retail brand of Macy's, Inc. (NYSE:M) delivers quality fashion at affordable prices to customers at approximately 640 locations in 43 states, the District of Columbia, Puerto Rico, and Guam, as well as to customers in more than 100 international destinations through leading e-commerce site macys.com. Macy's inspires fashion exploration and discovery through the most desired family of exclusive brands for her, for him, for the home, and via our dynamic mobile and social platforms. We know the power of celebration, demonstrated through decades of memorable experiences created during Macy's 4th of July Fireworks¬Æ and Macy's Thanksgiving Day Parade¬Æ, as well as spectacular fashion shows, culinary events, flower shows, and celebrity appearances. Macy's flagship stores ‚Äì including New York City‚Äôs Herald Square ‚Äì are internationally renowned and preeminent destinations for tourists. With the collective support of our customers and employees, Macy's builds community and helps make a difference in every market we serve, supporting local and national charities by giving nearly $50 million each year, plus 146,000 hours of volunteer service. For more than 160 years, Macy‚Äôs has, and continues to, make life shine brighter for our customers, colleagues, and communities.","high","124"
"Accenture","https://accenture.com","https://www.linkedin.com/company/accenture/","Ireland","IE","Dublin 2","Business Consulting and Services","738000","1989","1","Spring Boot","79626","None","","63144419000.0","Accenture provides strategy & consulting services for a wide range of functions and industries. Learn how we capitalize on disruption and transform businesses.","Accenture is a leading global professional services company that helps the world‚Äôs leading businesses, governments and other organizations build their digital core, optimize their operations, accelerate revenue growth and enhance citizen services‚Äîcreating tangible value at speed and scale.
 
We are a talent and innovation-led company serving clients in more than 120 countries. We combine our strength in technology and leadership in cloud, data and AI with unmatched industry experience, functional expertise and global delivery capability. We measure our success by the 360¬∞ value we create for our clients, each other, our shareholders, partners and communities.

This LinkedIn company page is moderated. When engaging with Accenture, we encourage everyone to:

- Use common courtesy and be respectful of others.
- Create your own original content and avoid content that you know to be fraudulent.
- Never repost someone else's copyrighted work, unless you have permission.
- Never post personal, identifying, or confidential information.

We reserve the right to delete comments or posts we deem to be:

- Profane, obscene, inappropriate, offensive, abusive material.
- Spam, repeated comments and commercial messages and personal advertisements.
- Discriminatory or that contain hateful speech of any kind regarding age, gender, race, religion, nationality, sexual orientation, gender identity or disability.
- Threats; personal attacks; abusive, defamatory, derogatory, or inflammatory language; or stalking or harassment of any individual, entity or organization.
- False, inaccurate, libelous, or otherwise misleading in any way.","high","1113"
"RemoteWorker US","https://remoteworker.jobs","https://www.linkedin.com/company/remoteworkerus/","United States","US","Austin","Staffing and Recruiting","127","None","1","Spring Boot","73126","None","","None","Learn the right skills, find the perfect job and become location independent today!","The Home of Remote Workers in the United States 

We understand that outstanding performance begins with outstanding hiring, and this approach sits at the head of everything we do. Our focus is on excellent customer service, and on delivering an effective solution that targets the best talent more efficiently.

The friendly recruitment experts behind Remote Worker have many years‚Äô experience in matching candidates to their perfect job, we are specialists in bringing recruiters and job seekers together successfully!

We have a huge range of jobs on offer right now, join our talent database and receive job alerts today!","high","222"
"Hays","https://hays.com","https://uk.linkedin.com/company/hays/","United Kingdom","GB","London","Staffing and Recruiting","26423","1968","1","Spring Boot","69888","None","","9574067000.0","We are Hays, the world‚Äôs leading recruitment experts. Last year we placed 81,100 people into permanent jobs and 254,000 people into temporary roles.","We are leaders in specialist recruitment and workforce solutions, offering advisory services such as learning and skill development, career transitions and employer brand positioning.

As the Leadership Partner to our customers, we invest in lifelong partnerships that empower people and businesses to succeed. We help you achieve your career goals and deliver your business needs by combining meaningful innovation with our global scale and insights.

Last year we helped over 280,000 people find their next career. Join the millions of people around the world that our specialist recruitment consultants provide with up-to-date information on career options, interesting insights and specific industry trends.

We help our customers define and implement strategies to create inclusive and equitable workplaces. Through harnessing and analysing data, we support business decision making and advise on how to access Talent Networks. We also assist in identifying attractive employer propositions by truly understanding a company‚Äôs identity, and support clients with all aspects of their Early Careers proposition, from strategic planning through to operational execution.

Hays is the market leader in the UK and Asia Pacific and one of the market leaders in Continental Europe and Latin America. The c.12,800 people we employ around the world partner with clients and candidates to power the world of work. Every day our expert consultants help thousands of candidates find their next role, and they also help clients reshape workforces and deal with talent shortages. In the year to 30 June 2021, we placed 77,000 people in permanent jobs and 244,000 people into temporary roles. For more information about our global network, strategy and Group financial results, visit www.haysplc.com","high","552"
"Randstad","https://randstad.com","https://www.linkedin.com/company/randstad/","Netherlands","NL","Diemen","Human Resources Services","63000","1960","1","Spring Boot","67907","None","","29144332000.0","Randstad is the global leader in the HR services industry. By combining our passion for people with the power of today‚Äôs intelligent machines, we support people and organizations in realizing their true potential. Learn more about our company.","Randstad is the world‚Äôs largest talent company and a partner of choice to clients. We are committed to providing equitable opportunities to people from all backgrounds and help them remain relevant in the rapidly changing world of work. We have a deep understanding of the labor market and help our clients to create the high-quality, diverse and agile workforces they need to succeed. Our 46,000 employees around the world make a positive impact on society by helping people to realize their true potential throughout their working life. 
Randstad was founded in 1960 and is headquartered in Diemen, the Netherlands. In 2022, in our 39 markets, we helped more than 2 million people find a job that feels good and advised over 230,000 clients on their talent needs. We generated revenue of ‚Ç¨27.6 billion. Randstad N.V. is listed on the Euronext Amsterdam. For more information, see www.randstad.com","high","184"
"Apple","https://apple.com","https://id.linkedin.com/company/applei/","Indonesia","ID","Banglore","Computer Hardware Manufacturing","293000","1976","1","Spring Boot","64094","None","","None","Read reviews, compare customer ratings, see screenshots and learn more about Athena Delegation. Download Athena Delegation and enjoy it on your iPhone, iPad and iPod touch.","we are innovative","high","318"
"Walgreens","https://walgreens.com","https://www.linkedin.com/company/walgreens/","United States","US","Deerfield","Retail Pharmacies","110000","1901","1","Spring Boot","63794","None","","140000000000.0","Your go-to for Pharmacy, Health & Wellness and Photo products. Refill prescriptions online, order items for delivery or store pickup, and create Photo Gifts.","Walgreens (www.walgreens.com) is included in the U.S. Retail Pharmacy Segment of Walgreens Boots Alliance, Inc. (Nasdaq: WBA), a global leader in retail pharmacy. As America‚Äôs most loved pharmacy, health and beauty company, Walgreens purpose is more joyful lives through better health. Operating nearly 9,000 retail locations across America, Puerto Rico and the U.S. Virgin Islands, Walgreens is proud to be a neighborhood health destination serving approximately 9 million customers each day. Walgreens pharmacists play a critical role in the U.S. healthcare system by providing a wide range of pharmacy and healthcare services. To best meet the needs of customers and patients, Walgreens offers a true omnichannel experience, with platforms bringing together physical and digital, supported by the latest technology to deliver high-quality products and services in local communities nationwide.","high","15"
"Divulga Vagas - Consultoria","","","","","","","None","None","1","Spring Boot","63722","None","","None","","","high","141"
